Participant ID,Where are you located?,What is your primary role?,What is your primary field of study/practice? [Psychology],What is your primary field of study/practice? [Neuroscience/Neurology],What is your primary field of study/practice? [Rehabilitation],What is your primary field of study/practice? [Physical Therapy],What is your primary field of study/practice? [Sports Science/Kinesiology],What is your primary field of study/practice? [Human-Computer Interaction],What is your primary field of study/practice? [Game Development],What is your primary field of study/practice? [Biomechanics],What is your primary field of study/practice? [Geriatrics/Gerontology],What is your primary field of study/practice? [Otolaryngology (balance disorders)],What is your primary field of study/practice? [Biomedical Engineering],What is your primary field of study/practice? [Orthopaedics],What is your primary field of study/practice? [Computer Science/Engineering],What is your primary field of study/practice? [Other],How many years of experience do you have in your primary field of study/practice?,How would you rate your expertise level with posturography techniques/knowledge?,Which balance assessment tools have you used?,"Which balance assessment tools have you used? [Force plates (e.g., AMTI, Kistler)]",Which balance assessment tools have you used? [Wii Balance Board],Which balance assessment tools have you used? [Nintendo Ring Fit],Which balance assessment tools have you used? [Pressure mapping systems],"Which balance assessment tools have you used? [Clinical balance tests (e.g., Berg Balance Scale)]",Which balance assessment tools have you used? [Kinect or other motion capture],Which balance assessment tools have you used? [Smartphone-based balance apps],Which balance assessment tools have you used? [Other],Which balance assessment tools have you used? [Never used any but interested in using],What are the main concerns / challenges you face when accessing/using a balance tool for your study/research?,What are the main concerns / challenges you face when accessing/using a balance tool for your study/research? [Cost],What are the main concerns / challenges you face when accessing/using a balance tool for your study/research? [Availability],What are the main concerns / challenges you face when accessing/using a balance tool for your study/research? [Outdated],What are the main concerns / challenges you face when accessing/using a balance tool for your study/research? [Never needed one],What are the main concerns / challenges you face when accessing/using a balance tool for your study/research? [Other],What are the main concerns / challenges you face when accessing/using a balance tool for your study/research? [Portability],What are the main concerns / challenges you face when accessing/using a balance tool for your study/research? [Lack of documentation],How often have you used a Wii Balance Board in your research/practice?,Do you/your organization own a Wii Balance Board?,"On a scale of 1 to 5, how satisfied are you with the entire experience of using the Wii Balance Board (from assessment to analysis)?",What were the main difficulties in working with the Wii Balance Board?,What were the main difficulties in working with the Wii Balance Board? [Initial setup and device pairing/connection],What were the main difficulties in working with the Wii Balance Board? [Bluetooth connectivity issues during use],What were the main difficulties in working with the Wii Balance Board? [Data streaming interruptions or lag],What were the main difficulties in working with the Wii Balance Board? [Software compatibility problems],What were the main difficulties in working with the Wii Balance Board? [Calibration difficulties],What were the main difficulties in working with the Wii Balance Board? [Battery life or power management],What were the main difficulties in working with the Wii Balance Board? [Data accuracy or reliability concerns],What were the main difficulties in working with the Wii Balance Board? [Integration with analysis software/tools],What were the main difficulties in working with the Wii Balance Board? [Documentation or support resources],What were the main difficulties in working with the Wii Balance Board? [Hardware durability or physical issues],What were the main difficulties in working with the Wii Balance Board? [Other],What participant populations do you work with?,What participant populations do you work with? [Children (birth - 12 yrs)],What participant populations do you work with? [Adolescents (13 - 18 yrs)],What participant populations do you work with? [Healthy adults (21- 65 yrs)],What participant populations do you work with? [Older adults (65+)],What participant populations do you work with? [Athletes],What participant populations do you work with? [People with physical disabilities],What participant populations do you work with? [People with cognitive impairments],What participant populations do you work with? [People with neurological conditions],What participant populations do you work with? [Other],What participant demographics do you collect?,What participant demographics do you collect? [Age],What participant demographics do you collect? [Gender],What participant demographics do you collect? [Height],What participant demographics do you collect? [Weight],What participant demographics do you collect? [Body Mass Index (BMI)],What participant demographics do you collect? [Physical activity level],What participant demographics do you collect? [Medical history],What participant demographics do you collect? [Handedness],What participant demographics do you collect? [Other],What participant demographics do you collect? [Visual acuity],What participant demographics do you collect? [Proprioception],What participant demographics do you collect? [Vertigo level (Dix-Hallpike)],What balance assessment tasks do you typically use?,What balance assessment tasks do you typically use? [Romberg test (eyes open vs. closed)],What balance assessment tasks do you typically use? [Modified Clinical Test of Sensory Interaction on Balance (mCTSIB)],What balance assessment tasks do you typically use? [Functional Reach Test],What balance assessment tasks do you typically use? [Timed Up and Go (TUG)],What balance assessment tasks do you typically use? [Single leg stance],What balance assessment tasks do you typically use? [Tandem stance],What balance assessment tasks do you typically use? [Berg Balance Scale items],What balance assessment tasks do you typically use? [Dynamic weight shifting],What balance assessment tasks do you typically use? [Limits of Stability (LOS) test],What balance assessment tasks do you typically use? [Dual-task conditions],What balance assessment tasks do you typically use? [Other custom / standardized tests],What balance assessment tasks do you typically use? [Rhythmic Weight Shift (RWS) test],Which balance metrics do you typically analyze?,Which balance metrics do you typically analyze? [Center of Pressure (CoP) path length],Which balance metrics do you typically analyze? [COP mean velocity (overall)],Which balance metrics do you typically analyze? [COP velocity (anterior-posterior direction)],Which balance metrics do you typically analyze? [COP velocity (medial-lateral direction)],Which balance metrics do you typically analyze? [CoP sway area],Which balance metrics do you typically analyze? [Romberg quotient],Which balance metrics do you typically analyze? [COP path deviation],Which balance metrics do you typically analyze? [Others],Which balance metrics do you typically analyze? [Root mean square (RMS) displacement],Which balance metrics do you typically analyze? [Range of COP displacement (anterior-posterior)],Which balance metrics do you typically analyze? [Range of COP displacement (medial-lateral)],"Which balance metrics do you typically analyze? [Frequency domain measures (e.g., peak frequency, power spectrum)]",Which balance metrics do you typically analyze? [Wavelet transform coefficients],Which balance metrics do you typically analyze? [Balance confidence scores],Which data cleaning techniques do you use for posturography data?,"Which data cleaning techniques do you use for posturography data? [Low-pass filtering (e.g., Butterworth filter)]",Which data cleaning techniques do you use for posturography data? [Detrending (linear or non-linear)],Which data cleaning techniques do you use for posturography data? [Outlier removal/interpolation],Which data cleaning techniques do you use for posturography data? [Signal averaging across multiple trials],Which data cleaning techniques do you use for posturography data? [Linear interpolation for irregular sampling],Which data cleaning techniques do you use for posturography data? [Windowing techniques],Which data cleaning techniques do you use for posturography data? [Resampling to uniform frequency],Which data cleaning techniques do you use for posturography data? [Artifact detection and removal],Which data cleaning techniques do you use for posturography data? [Baseline correction],Which data cleaning techniques do you use for posturography data? [Principal Component Analysis for dimensionality reduction],Which data cleaning techniques do you use for posturography data? [No cleaning techniques applied],Which data cleaning techniques do you use for posturography data? [Visual inspection and manual cleaning],Which data cleaning techniques do you use for posturography data? [Wavelet denoising],Which data cleaning techniques do you use for posturography data? [Other],Which aspects of balance assessment are you most interested in when using posturography software?,Which aspects of balance assessment are you most interested in when using posturography software? [Data collection],Which aspects of balance assessment are you most interested in when using posturography software? [Integration with other tools/systems],Which aspects of balance assessment are you most interested in when using posturography software? [Real-time data visualization],Which aspects of balance assessment are you most interested in when using posturography software? [Post-collection data analysis],Which aspects of balance assessment are you most interested in when using posturography software? [Data export and processing],Which aspects of balance assessment are you most interested in when using posturography software? [Statistical analysis],Which aspects of balance assessment are you most interested in when using posturography software? [Machine learning / Pattern recognition],Which aspects of balance assessment are you most interested in when using posturography software? [Report generation],Which aspects of balance assessment are you most interested in when using posturography software? [Raw data access],Which aspects of balance assessment are you most interested in when using posturography software? [Database management],Which aspects of balance assessment are you most interested in when using posturography software? [Cloud storage/sharing],Which aspects of balance assessment are you most interested in when using posturography software? [None of the above],Which aspects of balance assessment are you most interested in when using posturography software? [Other],Would you like to integrate posturography devices with any of the following systems?,Would you like to integrate posturography devices with any of the following systems? [Unity],Would you like to integrate posturography devices with any of the following systems? [Unreal],Would you like to integrate posturography devices with any of the following systems? [Web applications],Would you like to integrate posturography devices with any of the following systems? [Custom programming],Would you like to integrate posturography devices with any of the following systems? [LabVIEW],Would you like to integrate posturography devices with any of the following systems? [Mobile applications (iOS/Android)],"Would you like to integrate posturography devices with any of the following systems? [Presentation software (Powerpoint, etc)]",Would you like to integrate posturography devices with any of the following systems? [None of the above],In what format do you typically export or store balance data?,In what format do you typically export or store balance data? [CSV],In what format do you typically export or store balance data? [Excel (XLSX/XLS)],In what format do you typically export or store balance data? [JSON],In what format do you typically export or store balance data? [XML],In what format do you typically export or store balance data? [MATLAB (.mat) files],In what format do you typically export or store balance data? [Text files (TXT)],In what format do you typically export or store balance data? [Database formats (SQL)],In what format do you typically export or store balance data? [HDF5 (for large datasets)],In what format do you typically export or store balance data? [R data files (.RData)],"In what format do you typically export or store balance data? [If proprietary formats from specific balance assessment systems, which ones? (please select this option and specify below)]","How do you post-process balance data (eg. use another tool to get data visualisation/reports, write custom code to do time series analysis)?",Which operating systems have you used with balance assessment tools?,Which operating systems have you used with balance assessment tools? [Windows],Which operating systems have you used with balance assessment tools? [macOS],Which operating systems have you used with balance assessment tools? [Linux],Which operating systems have you used with balance assessment tools? [iOS],Which operating systems have you used with balance assessment tools? [Android],Which operating systems have you used with balance assessment tools? [Other],Is your balance assessment system typically:,What type of device do you use with the balance boards?,What type of device do you use with the balance boards? [Desktop computer],What type of device do you use with the balance boards? [Laptop],What type of device do you use with the balance boards? [Tablet],What type of device do you use with the balance boards? [Smartphone],What type of device do you use with the balance boards? [Custom hardware],What type of device do you use with the balance boards? [Other],a. Number of monitors used:,b. Primary monitor size:,c. Interface preference:,In which language do you prefer your software to be in?,"For a balance toolkit to suit your use case, what features do you think it should have?","What, in your opinion, are the major challenges when using balance software?",Would you be interested in using multiple balance devices simultaneously?,"If interested in multiple boards, what would be your intended use case (e.g. multi-person assessment, expanded measurement area, redundancy/validation, etc)?"
P01,Europe,Academic Researcher,No,No,No,No,No,No,No,No,No,No,Yes,No,No,No,10 - 15 years,Advanced (extensive experience and in-depth knowledge),"Force plates (e.g., AMTI, Kistler), Wii Balance Board, Pressure mapping systems, Kinect or other motion capture, Smartphone-based balance apps, Inertial Measurement Units",Yes,Yes,No,Yes,No,Yes,Yes,Yes,No,"Cost, Portability, Lack of documentation",Yes,No,No,No,No,Yes,Yes,3,Yes,4,"Initial setup and device pairing/connection, Software compatibility problems",Yes,No,No,Yes,No,No,No,No,No,No,No,"Adolescents (13 - 18 yrs), Healthy adults (21- 65 yrs), Older adults (65+), Athletes, People with physical disabilities, People with cognitive impairments, People with neurological conditions",No,Yes,Yes,Yes,Yes,Yes,Yes,Yes,No,"Age, Gender, Height, Weight, Body Mass Index (BMI), Physical activity level, Medical history, Handedness",Yes,Yes,Yes,Yes,Yes,Yes,Yes,Yes,No,No,No,No,"Timed Up and Go (TUG), Single leg stance, Dynamic weight shifting, Dual-task conditions, Time to stability, Romberg test (eyes open vs. closed)",Yes,No,No,Yes,Yes,No,No,Yes,No,Yes,Yes,No,"Center of Pressure (CoP) path length, COP mean velocity (overall), COP velocity (anterior-posterior direction), COP velocity (medial-lateral direction), CoP sway area, Root mean square (RMS) displacement, Range of COP displacement (anterior-posterior), Range of COP displacement (medial-lateral), COP path deviation, Frequency domain measures (e.g., peak frequency, power spectrum), Other metrics developed for IMU balance assessment",Yes,Yes,Yes,Yes,Yes,No,Yes,Yes,Yes,Yes,Yes,Yes,No,No,"Low-pass filtering (e.g., Butterworth filter), Resampling to uniform frequency, Windowing techniques, Signal averaging across multiple trials",Yes,No,No,Yes,No,Yes,Yes,No,No,No,No,No,No,No,"Data collection, Integration with other tools/systems, Real-time data visualization, Post-collection data analysis, Data export and processing, Statistical analysis, Machine learning / Pattern recognition, Report generation, Raw data access",Yes,Yes,Yes,Yes,Yes,Yes,Yes,Yes,Yes,No,No,No,No,"Unity, LabVIEW, Custom programming, Web applications",Yes,No,Yes,Yes,Yes,No,No,No,"CSV, Text files (TXT)",Yes,No,No,No,No,Yes,No,No,No,No,I generally post-process data by custom made Matlab scripts,Windows,Yes,No,No,No,No,No,Offline (standalone),"Desktop computer, Laptop, Tablet",Yes,Yes,Yes,No,No,No,Single monitor,13-15 inches,Light mode,English,Clear and documented details on metrics and post processing procedures,Metrics and post processing procedures. Commercial devices often don't provide literature backgorund and validation details.,"No, one board is sufficient",No response
P02,Europe,Academic Researcher,No,No,No,No,Yes,No,No,No,No,No,No,No,No,No,15+ years,Expert (specialized knowledge and significant research/clinical experience),"Force plates (e.g., AMTI, Kistler), Clinical balance tests (e.g., Berg Balance Scale), Kinect or other motion capture",Yes,No,No,No,Yes,Yes,No,No,No,Other,No,No,No,No,Yes,No,No,Not shown,Not shown,Not shown,Not shown,Not shown,Not shown,Not shown,Not shown,Not shown,Not shown,Not shown,Not shown,Not shown,Not shown,Not shown,"Adolescents (13 - 18 yrs), Healthy adults (21- 65 yrs), Older adults (65+), Athletes, People with neurological conditions",No,Yes,Yes,Yes,Yes,No,No,Yes,No,"Age, Gender, Height, Weight, Physical activity level, Handedness",Yes,Yes,Yes,Yes,No,Yes,No,Yes,No,No,No,No,"Timed Up and Go (TUG), Single leg stance, Tandem stance, Berg Balance Scale items, Other custom / standardized tests",No,No,No,Yes,Yes,Yes,Yes,No,No,No,Yes,No,"Center of Pressure (CoP) path length, COP mean velocity (overall), COP velocity (anterior-posterior direction), COP velocity (medial-lateral direction), CoP sway area, Range of COP displacement (anterior-posterior), Range of COP displacement (medial-lateral), Others",Yes,Yes,Yes,Yes,Yes,No,No,Yes,No,Yes,Yes,No,No,No,"Low-pass filtering (e.g., Butterworth filter), Windowing techniques, Resampling to uniform frequency, Principal Component Analysis for dimensionality reduction, No cleaning techniques applied, Other",Yes,No,No,No,No,Yes,Yes,No,No,Yes,Yes,No,No,Yes,"Integration with other tools/systems, Post-collection data analysis, Data export and processing",No,Yes,No,Yes,Yes,No,No,No,No,No,No,No,No,"Presentation software (Powerpoint, etc), None of the above",No,No,No,No,No,No,Yes,Yes,"CSV, MATLAB (.mat) files",Yes,No,No,No,Yes,No,No,No,No,No,write custom code,Windows,Yes,No,No,No,No,No,Offline (standalone),"Desktop computer, Laptop",Yes,Yes,No,No,No,No,Dual monitors,I do not know,System default,e,?,?,Yes,several steps
P03,Canada,Academic Researcher,No,Yes,No,No,No,No,No,No,No,No,No,No,No,No,10 - 15 years,Advanced (extensive experience and in-depth knowledge),"Force plates (e.g., AMTI, Kistler), Clinical balance tests (e.g., Berg Balance Scale)",Yes,No,No,No,Yes,No,No,No,No,Cost,Yes,No,No,No,No,No,No,Not shown,Not shown,Not shown,Not shown,Not shown,Not shown,Not shown,Not shown,Not shown,Not shown,Not shown,Not shown,Not shown,Not shown,Not shown,Healthy adults (21- 65 yrs),No,No,Yes,No,No,No,No,No,No,"Age, Gender, Height, Weight",Yes,Yes,Yes,Yes,No,No,No,No,No,No,No,No,"Romberg test (eyes open vs. closed), Dual-task conditions",Yes,No,No,No,No,No,No,No,No,Yes,No,No,"COP mean velocity (overall), COP velocity (anterior-posterior direction), COP velocity (medial-lateral direction), CoP sway area, Frequency domain measures (e.g., peak frequency, power spectrum)",No,Yes,Yes,Yes,Yes,No,No,No,No,No,No,Yes,No,No,"Low-pass filtering (e.g., Butterworth filter), Outlier removal/interpolation",Yes,No,Yes,No,No,No,No,No,No,No,No,No,No,No,"Statistical analysis, Post-collection data analysis, Data collection",Yes,No,No,Yes,No,Yes,No,No,No,No,No,No,No,"Presentation software (Powerpoint, etc)",No,No,No,No,No,No,Yes,No,"Excel (XLSX/XLS), MATLAB (.mat) files, Text files (TXT)",No,Yes,No,No,Yes,Yes,No,No,No,No,Excel and Matlab for analysis. Graphpad Prism for statistics and figures.,Windows,Yes,No,No,No,No,No,Offline (standalone),Laptop,No,Yes,No,No,No,No,Single monitor,13-15 inches,Dark mode,English,Real time CoP visualization would be nice to have.,I don't have a lot of challenges. I calculate CoP offline for analysis. Froce plate + Labchart is pretty user friendly.,Yes,"Interested in recording from two legs at once, but haven't done it."
P04,South America,Academic Researcher,No,No,No,No,Yes,No,No,No,No,No,No,No,No,No,10 - 15 years,Intermediate (regular user with good understanding),"Force plates (e.g., AMTI, Kistler), Wii Balance Board, Clinical balance tests (e.g., Berg Balance Scale), Kinect or other motion capture",Yes,Yes,No,No,Yes,Yes,No,No,No,"Availability, Cost",Yes,Yes,No,No,No,No,No,3,Yes,4,"Data accuracy or reliability concerns, Integration with analysis software/tools, Documentation or support resources",No,No,No,No,No,No,Yes,Yes,Yes,No,No,Children (birth - 12 yrs),Yes,No,No,No,No,No,No,No,No,"Age, Gender, learning difficulties/disabilties",Yes,Yes,No,No,No,No,No,No,Yes,No,No,No,MABC-2,No,No,No,No,No,No,No,No,No,No,Yes,No,wii game score,No,No,No,No,No,No,No,Yes,No,No,No,No,No,No,not applicable,No,No,No,No,No,No,No,No,No,No,No,No,No,Yes,"Data export and processing, Statistical analysis, Integration with other tools/systems",No,Yes,No,No,Yes,Yes,No,No,No,No,No,No,No,Custom programming,No,No,No,Yes,No,No,No,No,"CSV, Excel (XLSX/XLS)",Yes,Yes,No,No,No,No,No,No,No,No,game scores,Windows,Yes,No,No,No,No,No,Offline (standalone),not applicable,No,No,No,No,No,Yes,Single monitor,Larger than 27 inches,System default,portuguese/english,"center of pressure, center of pressure deviation from zero in x and y, standard deviation of center of pressure.",the lack of objective measures during the test or intervention and a biofeedback to the subject.,"No, one board is sufficient",No response
P05,Europe,Academic Researcher,No,No,Yes,No,No,No,No,Yes,No,No,No,No,No,No,10 - 15 years,Advanced (extensive experience and in-depth knowledge),"Force plates (e.g., AMTI, Kistler), Wii Balance Board, Pressure mapping systems, Clinical balance tests (e.g., Berg Balance Scale), Kinect or other motion capture, Smartphone-based balance apps",Yes,Yes,No,Yes,Yes,Yes,Yes,No,No,"Cost, Outdated, Portability",Yes,No,Yes,No,No,Yes,No,3,Yes,4,"Bluetooth connectivity issues during use, Software compatibility problems, Integration with analysis software/tools",No,Yes,No,Yes,No,No,No,Yes,No,No,No,"Healthy adults (21- 65 yrs), People with neurological conditions",No,No,Yes,No,No,No,No,Yes,No,"Age, Gender, Height, Weight, Medical history",Yes,Yes,Yes,Yes,No,No,Yes,No,No,No,No,No,"Timed Up and Go (TUG), Berg Balance Scale items, Dual-task conditions",No,No,No,Yes,No,No,Yes,No,No,Yes,No,No,"Center of Pressure (CoP) path length, COP mean velocity (overall), COP velocity (anterior-posterior direction), COP velocity (medial-lateral direction), CoP sway area, COP path deviation, COP path entropy",Yes,Yes,Yes,Yes,Yes,No,Yes,Yes,No,No,No,No,No,No,"Low-pass filtering (e.g., Butterworth filter), Detrending (linear or non-linear), Outlier removal/interpolation, Signal averaging across multiple trials, Windowing techniques, Artifact detection and removal, Baseline correction",Yes,Yes,Yes,Yes,No,Yes,No,Yes,Yes,No,No,No,No,No,"Data collection, Integration with other tools/systems, Real-time data visualization, Data export and processing",Yes,Yes,Yes,No,Yes,No,No,No,No,No,No,No,No,"Unity, LabVIEW, Mobile applications (iOS/Android)",Yes,No,No,No,Yes,Yes,No,No,"MATLAB (.mat) files, CSV",Yes,No,No,No,Yes,No,No,No,No,No,write custom code,Windows,Yes,No,No,No,No,No,Hybrid (both online and offline components),Laptop,No,Yes,No,No,No,No,Single monitor,I do not know,No preference,English,export data for custom analysis,I make my own software,Yes,expanded measurement area
P06,Europe,Academic Researcher,No,No,No,No,No,No,No,Yes,No,No,Yes,No,No,No,15+ years,Expert (specialized knowledge and significant research/clinical experience),"Force plates (e.g., AMTI, Kistler), Wii Balance Board, Pressure mapping systems, Kinect or other motion capture, Smartphone-based balance apps, Clinical balance tests (e.g., Berg Balance Scale)",Yes,Yes,No,Yes,Yes,Yes,Yes,No,No,"Portability, Cost",Yes,No,No,No,No,Yes,No,3,Yes,3,"Initial setup and device pairing/connection, Bluetooth connectivity issues during use, Data streaming interruptions or lag",Yes,Yes,Yes,No,No,No,No,No,No,No,No,People with neurological conditions,No,No,No,No,No,No,No,Yes,No,"Age, Gender, Height, Weight, Body Mass Index (BMI), Medical history, Handedness",Yes,Yes,Yes,Yes,Yes,No,Yes,Yes,No,No,No,No,"Functional Reach Test, Timed Up and Go (TUG), Single leg stance, Berg Balance Scale items, Dual-task conditions, TTS, DPSI",No,No,Yes,Yes,Yes,No,Yes,No,No,Yes,Yes,No,"Center of Pressure (CoP) path length, COP mean velocity (overall), COP velocity (anterior-posterior direction), COP velocity (medial-lateral direction), CoP sway area, Frequency domain measures (e.g., peak frequency, power spectrum)",Yes,Yes,Yes,Yes,Yes,No,No,No,No,No,No,Yes,No,No,"Low-pass filtering (e.g., Butterworth filter)",Yes,No,No,No,No,No,No,No,No,No,No,No,No,No,"Data collection, Data export and processing, Machine learning / Pattern recognition, Raw data access",Yes,No,No,No,Yes,No,Yes,No,Yes,No,No,No,No,"Unity, Unreal",Yes,Yes,No,No,No,No,No,No,Text files (TXT),No,No,No,No,No,Yes,No,No,No,No,Matlab custom codes,Windows,Yes,No,No,No,No,No,Offline (standalone),"Desktop computer, Laptop",Yes,Yes,No,No,No,No,Dual monitors,25-27 inches,Light mode,Emglish,Clear and detailed report,Simplicity of of use for clinicians,"No, one board is sufficient",No response
P07,Europe,Clinical Practitioner,No,No,No,No,No,No,No,No,No,Yes,No,No,No,No,6 - 10 years,Expert (specialized knowledge and significant research/clinical experience),"Force plates (e.g., AMTI, Kistler), Wii Balance Board, Clinical balance tests (e.g., Berg Balance Scale), Smartphone-based balance apps, Kinect or other motion capture",Yes,Yes,No,No,Yes,Yes,Yes,No,No,"Inter-measurement error, Lack of documentation",No,No,No,No,Yes,No,Yes,In one project,Previously owned,3,"Hardware durability or physical issues, Integration with analysis software/tools",No,No,No,No,No,No,No,Yes,No,Yes,No,"Older adults (65+), People with physical disabilities, People with neurological conditions, People with vestibular disorders",No,No,No,Yes,No,Yes,No,Yes,Yes,"Body Mass Index (BMI), Physical activity level, Medical history, Vertigo level (Dix-Hallpike), Vertigo specific questionnaires like DHI, Berg Balance Scale etc., Age, Gender, Height, Weight",Yes,Yes,Yes,Yes,Yes,Yes,Yes,No,Yes,No,No,Yes,"Modified Clinical Test of Sensory Interaction on Balance (mCTSIB), Functional Reach Test, Timed Up and Go (TUG), Berg Balance Scale items, Tandem stance",No,Yes,Yes,Yes,No,Yes,Yes,No,No,No,No,No,"COP mean velocity (overall), CoP sway area",No,Yes,No,No,Yes,No,No,No,No,No,No,No,No,No,"Low-pass filtering (e.g., Butterworth filter), Outlier removal/interpolation, Artifact detection and removal",Yes,No,Yes,No,No,No,No,Yes,No,No,No,No,No,No,"Data collection, Post-collection data analysis, Statistical analysis, Machine learning / Pattern recognition, Database management",Yes,No,No,Yes,No,Yes,Yes,No,No,Yes,No,No,No,Mobile applications (iOS/Android),No,No,No,No,No,Yes,No,No,CSV,Yes,No,No,No,No,No,No,No,No,No,"Statistical software - Statistica, MedCalc",Windows,Yes,No,No,No,No,No,Hybrid (both online and offline components),"Smartphone, Laptop",No,Yes,No,Yes,No,No,Dual monitors,21-24 inches,System default,English,"Data collection and simplified data analysis, visual representation of data, ability to generate visual reports for the patients and clinicians. Support of rehabilitation progress tracking","When used by novice to intermediate users prone to collecting artifacts, then when data is analyzed in batch these are difficult to distinguish between patients with actual severe disorders.","No, one board is sufficient",No response
P08,Europe,PhD Student,No,No,Yes,Yes,No,No,No,No,No,No,No,No,No,No,6 - 10 years,Intermediate (regular user with good understanding),"Force plates (e.g., AMTI, Kistler), Wii Balance Board, Clinical balance tests (e.g., Berg Balance Scale)",Yes,Yes,No,No,Yes,No,No,No,No,"Cost, Availability, Portability",Yes,Yes,No,No,No,Yes,No,In one project,Yes,5,"Initial setup and device pairing/connection, Data streaming interruptions or lag, Calibration difficulties, Data accuracy or reliability concerns",Yes,No,Yes,No,Yes,No,Yes,No,No,No,No,"Healthy adults (21- 65 yrs), People with physical disabilities",No,No,Yes,No,No,Yes,No,No,No,"Age, Gender, Height, Weight, Body Mass Index (BMI)",Yes,Yes,Yes,Yes,Yes,No,No,No,No,No,No,No,"Timed Up and Go (TUG), Single leg stance, Tandem stance",No,No,No,Yes,Yes,Yes,No,No,No,No,No,No,"Center of Pressure (CoP) path length, COP mean velocity (overall), COP velocity (anterior-posterior direction), COP velocity (medial-lateral direction), CoP sway area, Root mean square (RMS) displacement, Frequency domain measures (e.g., peak frequency, power spectrum)",Yes,Yes,Yes,Yes,Yes,No,No,No,Yes,No,No,Yes,No,No,"Low-pass filtering (e.g., Butterworth filter), Outlier removal/interpolation, Visual inspection and manual cleaning",Yes,No,Yes,No,No,No,No,No,No,No,No,Yes,No,No,"Data export and processing, Statistical analysis, Integration with other tools/systems, Real-time data visualization",No,Yes,Yes,No,Yes,Yes,No,No,No,No,No,No,No,"Web applications, None of the above",No,No,Yes,No,No,No,No,Yes,"CSV, R data files (.RData), Text files (TXT)",Yes,No,No,No,No,Yes,No,No,Yes,No,"I write most of my code in MATLAB, but shifted to R. Little bit less posturography projects at the moment, but if I would be involved I would also learn Python.","Windows, macOS",Yes,Yes,No,No,No,No,Offline (standalone),Laptop,No,Yes,No,No,No,No,Single monitor,13-15 inches,No preference,English or Dutch,Ease of use and the possibility to export the data in both clinically relevant metrics as well as the raw data.,"calibration and post-processing. Mostly, post-processing is done 'behind the scenes' and therefore difficult to alter or understand what was done.",Yes,Perhaps use multiple boards to have pressure per foot or even gait (in case of WBB this has been done before)
P09,Asia,"Specialist on Physical Medicine and Rehabilitation, MD",No,No,Yes,Yes,No,No,No,No,No,No,No,No,No,No,15+ years,Intermediate (regular user with good understanding),"Force plates (e.g., AMTI, Kistler), Clinical balance tests (e.g., Berg Balance Scale), Pressure mapping systems",Yes,No,No,Yes,Yes,No,No,No,No,Availability,No,Yes,No,No,No,No,No,Not shown,Not shown,Not shown,Not shown,Not shown,Not shown,Not shown,Not shown,Not shown,Not shown,Not shown,Not shown,Not shown,Not shown,Not shown,"Healthy adults (21- 65 yrs), Older adults (65+), Athletes, People with physical disabilities",No,No,Yes,Yes,Yes,Yes,No,No,No,"Age, Gender, Weight, Body Mass Index (BMI), Height, Physical activity level, Medical history, Handedness, Visual acuity, Proprioception",Yes,Yes,Yes,Yes,Yes,Yes,Yes,Yes,No,Yes,Yes,No,"Romberg test (eyes open vs. closed), Timed Up and Go (TUG), Single leg stance, Tandem stance, Berg Balance Scale items",Yes,No,No,Yes,Yes,Yes,Yes,No,No,No,No,No,"Range of COP displacement (anterior-posterior), Range of COP displacement (medial-lateral), Balance confidence scores",No,No,No,No,No,No,No,No,No,Yes,Yes,No,No,Yes,No cleaning techniques applied,No,No,No,No,No,No,No,No,No,No,Yes,No,No,No,"Data collection, Real-time data visualization, Post-collection data analysis, Data export and processing, Statistical analysis",Yes,No,Yes,Yes,Yes,Yes,No,No,No,No,No,No,No,None of the above,No,No,No,No,No,No,No,Yes,Excel (XLSX/XLS),No,Yes,No,No,No,No,No,No,No,No,"After using spss analysis, data are presented as tables and figures",Windows,Yes,No,No,No,No,No,Offline (standalone),"Desktop computer, Laptop",Yes,Yes,No,No,No,No,Single monitor,13-15 inches,Light mode,English,Fall risk and metric parameters for balance,Unknown the normal data distribution,Yes,All
P10,Europe,Physical Therapist,No,No,Yes,Yes,No,No,No,No,Yes,No,No,No,No,No,10 - 15 years,Basic knowledge (familiar with fundamental concepts),"Force plates (e.g., AMTI, Kistler), Wii Balance Board, Clinical balance tests (e.g., Berg Balance Scale)",Yes,Yes,No,No,Yes,No,No,No,No,"Cost, Availability, Portability, Lack of documentation",Yes,Yes,No,No,No,Yes,Yes,In one project,Previously owned,4,"Initial setup and device pairing/connection, Bluetooth connectivity issues during use, Data accuracy or reliability concerns, Integration with analysis software/tools, Documentation or support resources",Yes,Yes,No,No,No,No,Yes,Yes,Yes,No,No,"Older adults (65+), People with neurological conditions, People with cognitive impairments",No,No,No,Yes,No,No,Yes,Yes,No,"Age, Gender, Height, Weight, Medical history",Yes,Yes,Yes,Yes,No,No,Yes,No,No,No,No,No,"Romberg test (eyes open vs. closed), Timed Up and Go (TUG), Berg Balance Scale items, Tinetti (POMA)",Yes,No,No,Yes,No,No,Yes,No,No,No,Yes,No,"Center of Pressure (CoP) path length, CoP sway area, COP velocity (anterior-posterior direction), COP velocity (medial-lateral direction), COP path deviation",Yes,No,Yes,Yes,Yes,No,Yes,No,No,No,No,No,No,No,"Low-pass filtering (e.g., Butterworth filter)",Yes,No,No,No,No,No,No,No,No,No,No,No,No,No,"Real-time data visualization, Post-collection data analysis, Data export and processing, Report generation",No,No,Yes,Yes,Yes,No,No,Yes,No,No,No,No,No,"Mobile applications (iOS/Android), Web applications",No,No,Yes,No,No,Yes,No,No,CSV,Yes,No,No,No,No,No,No,No,No,No,-,"Windows, macOS",Yes,Yes,No,No,No,No,Offline (standalone),Desktop computer,Yes,No,No,No,No,No,Single monitor,16-20 inches,Light mode,no prefer,easy to use and clear documentation,use routinely,"No, one board is sufficient",No response
P11,USA,Academic Researcher,No,No,No,No,No,Yes,No,No,No,No,No,No,Yes,No,15+ years,Advanced (extensive experience and in-depth knowledge),"Force plates (e.g., AMTI, Kistler), Wii Balance Board, Pressure mapping systems, Clinical balance tests (e.g., Berg Balance Scale), Kinect or other motion capture",Yes,Yes,No,Yes,Yes,Yes,No,No,No,"Outdated, Portability, Availability, Lack of documentation, Cost",Yes,Yes,Yes,No,No,Yes,Yes,3,Yes,1,"Software compatibility problems, Initial setup and device pairing/connection, Integration with analysis software/tools, Data accuracy or reliability concerns, Documentation or support resources",Yes,No,No,Yes,No,No,Yes,Yes,Yes,No,No,"Healthy adults (21- 65 yrs), People with physical disabilities, Older adults (65+)",No,No,Yes,Yes,No,Yes,No,No,No,"Age, Gender, Height, Weight, Body Mass Index (BMI), Physical activity level, Medical history, Handedness, Visual acuity, Proprioception",Yes,Yes,Yes,Yes,Yes,Yes,Yes,Yes,No,Yes,Yes,No,"Romberg test (eyes open vs. closed), Functional Reach Test, Timed Up and Go (TUG), Berg Balance Scale items, Dual-task conditions",Yes,No,Yes,Yes,No,No,Yes,No,No,Yes,No,No,"Center of Pressure (CoP) path length, COP mean velocity (overall), Balance confidence scores",Yes,Yes,No,No,No,No,No,No,No,No,No,No,No,Yes,"Baseline correction, Artifact detection and removal, Visual inspection and manual cleaning, Outlier removal/interpolation, Signal averaging across multiple trials",No,No,Yes,Yes,No,No,No,Yes,Yes,No,No,Yes,No,No,"Data collection, Integration with other tools/systems, Real-time data visualization, Post-collection data analysis, Data export and processing, Statistical analysis, Machine learning / Pattern recognition, Raw data access",Yes,Yes,Yes,Yes,Yes,Yes,Yes,No,Yes,No,No,No,No,"Unity, Custom programming",Yes,No,No,Yes,No,No,No,No,"CSV, JSON",Yes,No,Yes,No,No,No,No,No,No,No,"manual removing artifacts, use python or excel for visualization or reports, write custom code for imbalance prediction",Windows,Yes,No,No,No,No,No,Offline (standalone),"Desktop computer, Laptop",Yes,Yes,No,No,No,No,Dual monitors,21-24 inches,Dark mode,c# and python,"unity package. examples, tutorials on use.",mostly setup and integration. Wii boards in particular are very out of date and were very hacky and unstable when we used to use them for our own progams. We switched to btracks to get better data but its software has an annoying  dependence on labview. We would also like something that would automatically identify and/or remove artifacts (e.g. when the person moves their foot too much),"No, one board is sufficient",No response
P12,USA,Academic Researcher,No,No,Yes,No,No,No,No,Yes,No,No,No,Yes,No,Yes,3 - 5 years,Basic knowledge (familiar with fundamental concepts),"Force plates (e.g., AMTI, Kistler), Pressure mapping systems, Clinical balance tests (e.g., Berg Balance Scale)",Yes,No,No,Yes,Yes,No,No,No,No,"Cost, Portability, Availability",Yes,Yes,No,No,No,Yes,No,Not shown,Not shown,Not shown,Not shown,Not shown,Not shown,Not shown,Not shown,Not shown,Not shown,Not shown,Not shown,Not shown,Not shown,Not shown,"Healthy adults (21- 65 yrs), People with physical disabilities, People with neurological conditions",No,No,Yes,No,No,Yes,No,Yes,No,"Age, Gender, Height, Weight, Body Mass Index (BMI), Physical activity level, Medical history, Handedness, Proprioception, Visual acuity",Yes,Yes,Yes,Yes,Yes,Yes,Yes,Yes,No,Yes,Yes,No,"Romberg test (eyes open vs. closed), Functional Reach Test, Timed Up and Go (TUG), Single leg stance, Dynamic weight shifting, Limits of Stability (LOS) test, dynamic stability indices; Time of static balance (one legged); gait parameters.",Yes,No,Yes,Yes,Yes,No,No,Yes,Yes,No,Yes,No,"Center of Pressure (CoP) path length, COP mean velocity (overall), COP velocity (anterior-posterior direction), COP velocity (medial-lateral direction), CoP sway area, Romberg quotient, Range of COP displacement (anterior-posterior), Range of COP displacement (medial-lateral), COP path deviation, Frequency domain measures (e.g., peak frequency, power spectrum), Balance confidence scores",Yes,Yes,Yes,Yes,Yes,Yes,Yes,No,No,Yes,Yes,Yes,No,Yes,"Low-pass filtering (e.g., Butterworth filter), Signal averaging across multiple trials, Linear interpolation for irregular sampling, Windowing techniques, Resampling to uniform frequency, Artifact detection and removal, Principal Component Analysis for dimensionality reduction, Wavelet denoising",Yes,No,No,Yes,Yes,Yes,Yes,Yes,No,Yes,No,No,Yes,No,"Data collection, Integration with other tools/systems, Real-time data visualization, Post-collection data analysis, Data export and processing, Statistical analysis, Raw data access, Database management",Yes,Yes,Yes,Yes,Yes,Yes,No,No,Yes,Yes,No,No,No,"LabVIEW, Mobile applications (iOS/Android)",No,No,No,No,Yes,Yes,No,No,"CSV, Excel (XLSX/XLS), MATLAB (.mat) files, R data files (.RData)",Yes,Yes,No,No,Yes,No,No,No,Yes,No,"I use Matlab, Python, or R for post-processing. I generally write custom code for these analyses.",Windows,Yes,No,No,No,No,No,Offline (standalone),"Desktop computer, Laptop",Yes,Yes,No,No,No,No,Dual monitors,25-27 inches,Dark mode,English,3rd party software/hardware integration.,The learning curve can be steep in some cases. Training new students/ researchers in the use of these devices can be difficult.,Yes,Expanded measurement area and redundancy/validation.
P13,Europe,Academic Researcher,No,No,No,No,No,No,Yes,No,No,No,Yes,No,No,No,10 - 15 years,Intermediate (regular user with good understanding),"Force plates (e.g., AMTI, Kistler), Wii Balance Board, Kinect or other motion capture",Yes,Yes,No,No,No,Yes,No,No,No,"Cost, Availability",Yes,Yes,No,No,No,No,No,3,Yes,4,"Initial setup and device pairing/connection, Bluetooth connectivity issues during use, Data streaming interruptions or lag, Integration with analysis software/tools",Yes,Yes,Yes,No,No,No,No,Yes,No,No,No,"Children (birth - 12 yrs), Adolescents (13 - 18 yrs), Healthy adults (21- 65 yrs), Older adults (65+), People with physical disabilities, People with cognitive impairments, People with neurological conditions",Yes,Yes,Yes,Yes,No,Yes,Yes,Yes,No,"Age, Gender, Height, Weight, Body Mass Index (BMI), Physical activity level, Medical history, Handedness, Visual acuity, Proprioception, Vertigo level (Dix-Hallpike)",Yes,Yes,Yes,Yes,Yes,Yes,Yes,Yes,No,Yes,Yes,Yes,"Dual-task conditions, Limits of Stability (LOS) test, Dynamic weight shifting, Berg Balance Scale items, Single leg stance, Timed Up and Go (TUG), Functional Reach Test, Romberg test (eyes open vs. closed)",Yes,No,Yes,Yes,Yes,No,Yes,Yes,Yes,Yes,No,No,"Center of Pressure (CoP) path length, COP mean velocity (overall), COP velocity (anterior-posterior direction), COP velocity (medial-lateral direction), CoP sway area, Romberg quotient, Root mean square (RMS) displacement, Range of COP displacement (anterior-posterior), Range of COP displacement (medial-lateral), COP path deviation, Frequency domain measures (e.g., peak frequency, power spectrum), Wavelet transform coefficients, Balance confidence scores",Yes,Yes,Yes,Yes,Yes,Yes,Yes,No,Yes,Yes,Yes,Yes,Yes,Yes,"Low-pass filtering (e.g., Butterworth filter), Detrending (linear or non-linear), Outlier removal/interpolation, Linear interpolation for irregular sampling, Windowing techniques, Resampling to uniform frequency, Visual inspection and manual cleaning, Wavelet denoising",Yes,Yes,Yes,No,Yes,Yes,Yes,No,No,No,No,Yes,Yes,No,"Real-time data visualization, Post-collection data analysis, Statistical analysis, Machine learning / Pattern recognition",No,No,Yes,Yes,No,Yes,Yes,No,No,No,No,No,No,"Unity, Web applications, Mobile applications (iOS/Android)",Yes,No,Yes,No,No,Yes,No,No,c3d,No,No,No,No,No,No,No,No,No,Yes,No response,"Windows, macOS",Yes,Yes,No,No,No,No,Offline (standalone),"Desktop computer, Laptop",Yes,Yes,No,No,No,No,Single monitor,I do not know,No preference,no pref,No response,No response,Yes,No response
P14,USA,Academic Researcher,No,No,No,No,Yes,No,No,No,No,No,No,No,No,No,15+ years,Expert (specialized knowledge and significant research/clinical experience),"Force plates (e.g., AMTI, Kistler), Wii Balance Board, Clinical balance tests (e.g., Berg Balance Scale), Smartphone-based balance apps, Kinect or other motion capture, Pressure mapping systems",Yes,Yes,No,Yes,Yes,Yes,Yes,No,No,Accuracy and Practicality,No,No,No,No,Yes,No,No,More than a dozen times,Yes,1,"Initial setup and device pairing/connection, Bluetooth connectivity issues during use, Data streaming interruptions or lag, Calibration difficulties, Battery life or power management, Data accuracy or reliability concerns, Documentation or support resources, Hardware durability or physical issues",Yes,Yes,Yes,No,Yes,Yes,Yes,No,Yes,Yes,No,"Children (birth - 12 yrs), Adolescents (13 - 18 yrs), Healthy adults (21- 65 yrs), Older adults (65+), Athletes, People with physical disabilities, People with neurological conditions",Yes,Yes,Yes,Yes,Yes,Yes,No,Yes,No,"Age, Gender, Height, Weight, Body Mass Index (BMI)",Yes,Yes,Yes,Yes,Yes,No,No,No,No,No,No,No,"BTrackS Balance and Fall Risk Test, BTrackS mCTSIB, BTrackS Limits of Stability",No,No,No,No,No,No,No,No,No,No,Yes,No,"Center of Pressure (CoP) path length, CoP sway area",Yes,No,No,No,Yes,No,No,No,No,No,No,No,No,No,BTrackS data comes out of the system having been low pass filtered.,No,No,No,No,No,No,No,No,No,No,No,No,No,Yes,"Data collection, Real-time data visualization, Report generation, Normative data",Yes,No,Yes,No,No,No,No,Yes,No,No,No,No,Yes,LabVIEW,No,No,No,No,Yes,No,No,No,"CSV, Excel (XLSX/XLS)",Yes,Yes,No,No,No,No,No,No,No,No,Most of what I need is done standard by the BTrackS Assess Balance software. Anything additional I do in Excel. I graph in OriginLab.,Windows,Yes,No,No,No,No,No,Offline (standalone),"Desktop computer, Laptop, Tablet",Yes,Yes,Yes,No,No,No,Single monitor,13-15 inches,Dark mode,LabView,It would need to work with my BTrackS Balance Plate.,"Realtime visualization of Center of Pressure and prescription of practical, reliable protocols with large normative samples.","No, one board is sufficient",No response
P15,Europe,Academic Researcher,No,Yes,Yes,Yes,No,No,No,No,No,No,No,No,No,No,10 - 15 years,Advanced (extensive experience and in-depth knowledge),"Force plates (e.g., AMTI, Kistler), Wii Balance Board, Clinical balance tests (e.g., Berg Balance Scale), Kinect or other motion capture, Smartphone-based balance apps",Yes,Yes,No,No,Yes,Yes,Yes,No,No,"Cost, Availability",Yes,Yes,No,No,No,No,No,4,Yes,3,"Integration with analysis software/tools, Initial setup and device pairing/connection",Yes,No,No,No,No,No,No,Yes,No,No,No,"Older adults (65+), Healthy adults (21- 65 yrs), Adolescents (13 - 18 yrs)",No,Yes,Yes,Yes,No,No,No,No,No,"Age, Gender, Height, Weight, Physical activity level",Yes,Yes,Yes,Yes,No,Yes,No,No,No,No,No,No,"Dual-task conditions, Berg Balance Scale items, Single leg stance, Timed Up and Go (TUG), Limits of Stability (LOS) test",No,No,No,Yes,Yes,No,Yes,No,Yes,Yes,No,No,"COP mean velocity (overall), COP velocity (anterior-posterior direction), COP velocity (medial-lateral direction), Root mean square (RMS) displacement, Wavelet transform coefficients",No,Yes,Yes,Yes,No,No,No,No,Yes,No,No,No,Yes,No,"Low-pass filtering (e.g., Butterworth filter)",Yes,No,No,No,No,No,No,No,No,No,No,No,No,No,"Data collection, Post-collection data analysis, Data export and processing, Raw data access",Yes,No,No,Yes,Yes,No,No,No,Yes,No,No,No,No,"LabVIEW, Mobile applications (iOS/Android)",No,No,No,No,Yes,Yes,No,No,CSV,Yes,No,No,No,No,No,No,No,No,No,I rely on supportive engineers,Windows,Yes,No,No,No,No,No,Offline (standalone),Laptop,No,Yes,No,No,No,No,Single monitor,13-15 inches,No preference,English,"1. Easy connection
2. Free
3. Data export","1. Outliers
2. Connectivity issues
3. Noise",Yes,Maybe walking assessment on couple boards.
P16,Europe,Academic Researcher,No,No,No,No,Yes,No,No,No,No,No,No,No,No,No,15+ years,Expert (specialized knowledge and significant research/clinical experience),"Force plates (e.g., AMTI, Kistler), Wii Balance Board, Clinical balance tests (e.g., Berg Balance Scale), Smartphone-based balance apps",Yes,Yes,No,No,Yes,No,Yes,No,No,Cost,Yes,No,No,No,No,No,No,In one project,Previously owned,3,"Calibration difficulties, Data accuracy or reliability concerns, Hardware durability or physical issues",No,No,No,No,Yes,No,Yes,No,No,Yes,No,People with neurological conditions,No,No,No,No,No,No,No,Yes,No,"Age, Gender, Height, Weight, Body Mass Index (BMI), Physical activity level, Medical history, Handedness",Yes,Yes,Yes,Yes,Yes,Yes,Yes,Yes,No,No,No,No,"Romberg test (eyes open vs. closed), Modified Clinical Test of Sensory Interaction on Balance (mCTSIB), Functional Reach Test, Timed Up and Go (TUG), Single leg stance, Berg Balance Scale items, Dual-task conditions",Yes,Yes,Yes,Yes,Yes,No,Yes,No,No,Yes,No,No,"Center of Pressure (CoP) path length, COP mean velocity (overall), CoP sway area, Range of COP displacement (anterior-posterior), Range of COP displacement (medial-lateral)",Yes,Yes,No,No,Yes,No,No,No,No,Yes,Yes,No,No,No,"Low-pass filtering (e.g., Butterworth filter), Principal Component Analysis for dimensionality reduction, Baseline correction, Artifact detection and removal, Windowing techniques",Yes,No,No,No,No,Yes,No,Yes,Yes,Yes,No,No,No,No,"Data collection, Integration with other tools/systems",Yes,Yes,No,No,No,No,No,No,No,No,No,No,No,Custom programming,No,No,No,Yes,No,No,No,No,"CSV, MATLAB (.mat) files",Yes,No,No,No,Yes,No,No,No,No,No,Matlab,"Windows, Linux",Yes,No,Yes,No,No,No,Offline (standalone),"Desktop computer, Laptop",Yes,Yes,No,No,No,No,Dual monitors,21-24 inches,System default,english,high accuracy,adjust it to your personal and scientific needs,"No, one board is sufficient",No response
P17,Europe,Clinical Practitioner,No,No,Yes,No,No,No,No,No,No,No,No,No,No,No,15+ years,Basic knowledge (familiar with fundamental concepts),Wii Balance Board,No,Yes,No,No,No,No,No,No,No,Availability,No,Yes,No,No,No,No,No,In one project,Yes,3,"Initial setup and device pairing/connection, Bluetooth connectivity issues during use",Yes,Yes,No,No,No,No,No,No,No,No,No,"Children (birth - 12 yrs), Adolescents (13 - 18 yrs)",Yes,Yes,No,No,No,No,No,No,No,"Age, Gender, Height, Weight",Yes,Yes,Yes,Yes,No,No,No,No,No,No,No,No,Timed Up and Go (TUG),No,No,No,Yes,No,No,No,No,No,No,No,No,Center of Pressure (CoP) path length,Yes,No,No,No,No,No,No,No,No,No,No,No,No,No,Linear interpolation for irregular sampling,No,No,No,No,Yes,No,No,No,No,No,No,No,No,No,Data collection,Yes,No,No,No,No,No,No,No,No,No,No,No,No,Unity,Yes,No,No,No,No,No,No,No,Excel (XLSX/XLS),No,Yes,No,No,No,No,No,No,No,No,We had an ingeneering who process data,Windows,Yes,No,No,No,No,No,Hybrid (both online and offline components),Desktop computer,Yes,No,No,No,No,No,Single monitor,21-24 inches,Light mode,Italian,Easy to use,Free cost,"No, one board is sufficient",No response
P18,Europe,Academic Researcher,No,No,Yes,No,No,No,No,No,No,No,No,No,No,No,10 - 15 years,Basic knowledge (familiar with fundamental concepts),"Force plates (e.g., AMTI, Kistler), Clinical balance tests (e.g., Berg Balance Scale), Smartphone-based balance apps, Kinect or other motion capture",Yes,No,No,No,Yes,Yes,Yes,No,No,"Cost, Portability",Yes,No,No,No,No,Yes,No,Not shown,Not shown,Not shown,Not shown,Not shown,Not shown,Not shown,Not shown,Not shown,Not shown,Not shown,Not shown,Not shown,Not shown,Not shown,Children (birth - 12 yrs),Yes,No,No,No,No,No,No,No,No,"Age, Gender, Height, Weight, Body Mass Index (BMI), Physical activity level, Medical history",Yes,Yes,Yes,Yes,Yes,Yes,Yes,No,No,No,No,No,"kids-BESTest-2 (includes many of the suggested functional tests), Dual-task conditions",No,No,No,No,No,No,No,No,No,Yes,Yes,No,"Center of Pressure (CoP) path length, COP velocity (anterior-posterior direction), COP velocity (medial-lateral direction), CoP sway area, Romberg quotient, Root mean square (RMS) displacement",Yes,No,Yes,Yes,Yes,Yes,No,No,Yes,No,No,No,No,No,"Low-pass filtering (e.g., Butterworth filter), Outlier removal/interpolation",Yes,No,Yes,No,No,No,No,No,No,No,No,No,No,No,"Data collection, Post-collection data analysis, Integration with other tools/systems, Data export and processing, Statistical analysis, Database management",Yes,Yes,No,Yes,Yes,Yes,No,No,No,Yes,No,No,No,"Mobile applications (iOS/Android), Custom programming",No,No,No,Yes,No,Yes,No,No,"CSV, MATLAB (.mat) files",Yes,No,No,No,Yes,No,No,No,No,No,Data are processed in matlab with custom-made or open codes,Windows,Yes,No,No,No,No,No,Offline (standalone),"Desktop computer, Laptop, Tablet",Yes,Yes,Yes,No,No,No,Triple monitors,I do not know,No preference,English,Combine technical and functional measures. Allow the option to use cop measures as the finale report but also to still use the functional ones or both.,The existing software is too limited.,Yes,Expand area and validation
P19,Europe,Academic Researcher,No,No,No,No,No,No,No,No,No,No,Yes,No,No,No,6 - 10 years,Intermediate (regular user with good understanding),"Force plates (e.g., AMTI, Kistler), Wii Balance Board, Pressure mapping systems, Smartphone-based balance apps",Yes,Yes,No,Yes,No,No,Yes,No,No,Portability,No,No,No,No,No,Yes,No,In one project,Yes,4,"Initial setup and device pairing/connection, Bluetooth connectivity issues during use, Battery life or power management",Yes,Yes,No,No,No,Yes,No,No,No,No,No,People with neurological conditions,No,No,No,No,No,No,No,Yes,No,"Age, Gender, Height, Weight",Yes,Yes,Yes,Yes,No,No,No,No,No,No,No,No,Romberg test (eyes open vs. closed),Yes,No,No,No,No,No,No,No,No,No,No,No,"Center of Pressure (CoP) path length, COP mean velocity (overall), COP velocity (anterior-posterior direction), COP velocity (medial-lateral direction), CoP sway area, Range of COP displacement (anterior-posterior), Range of COP displacement (medial-lateral)",Yes,Yes,Yes,Yes,Yes,No,No,No,No,Yes,Yes,No,No,No,"Low-pass filtering (e.g., Butterworth filter)",Yes,No,No,No,No,No,No,No,No,No,No,No,No,No,"Data collection, Raw data access",Yes,No,No,No,No,No,No,No,Yes,No,No,No,No,None of the above,No,No,No,No,No,No,No,Yes,"Text files (TXT), CSV, Excel (XLSX/XLS)",Yes,Yes,No,No,No,Yes,No,No,No,No,Matlab,Windows,Yes,No,No,No,No,No,Offline (standalone),Laptop,No,Yes,No,No,No,No,Single monitor,I do not know,No preference,English/Italian,-,Output measure reliability,"No, one board is sufficient",No response
P20,Middle East,Academic Researcher,No,No,Yes,No,No,No,No,No,Yes,Yes,No,No,No,No,6 - 10 years,Expert (specialized knowledge and significant research/clinical experience),"Clinical balance tests (e.g., Berg Balance Scale), VNG , VEMP, vHIT",No,No,No,No,Yes,No,No,Yes,No,"Lack of documentation, Portability",No,No,No,No,No,Yes,Yes,Not shown,Not shown,Not shown,Not shown,Not shown,Not shown,Not shown,Not shown,Not shown,Not shown,Not shown,Not shown,Not shown,Not shown,Not shown,"Children (birth - 12 yrs), Adolescents (13 - 18 yrs), People with neurological conditions",Yes,Yes,No,No,No,No,No,Yes,No,"Age, Gender, Medical history, Vertigo level (Dix-Hallpike)",Yes,Yes,No,No,No,No,Yes,No,No,No,No,Yes,"Berg Balance Scale items, Functional Reach Test, VNG",No,No,Yes,No,No,No,Yes,No,No,No,Yes,No,"Center of Pressure (CoP) path length, COP mean velocity (overall), COP velocity (anterior-posterior direction), Wavelet transform coefficients, Balance confidence scores",Yes,Yes,Yes,No,No,No,No,No,No,No,No,No,Yes,Yes,"Signal averaging across multiple trials, Baseline correction",No,No,No,Yes,No,No,No,No,Yes,No,No,No,No,No,"Data collection, Statistical analysis, Post-collection data analysis, Database management",Yes,No,No,Yes,No,Yes,No,No,No,Yes,No,No,No,"Web applications, LabVIEW",No,No,Yes,No,Yes,No,No,No,Text files (TXT),No,No,No,No,No,Yes,No,No,No,No,write custom code to do time series analysis,Android,No,No,No,No,Yes,No,Offline (standalone),"Desktop computer, Custom hardware",Yes,No,No,No,Yes,No,Single monitor,21-24 inches,System default,TURKISH,SUITABLE FOR ALL AGES,SPEED,Yes,multi-person assessment
P21,Europe,Academic Researcher,No,No,No,No,No,No,No,Yes,No,No,Yes,No,No,No,6 - 10 years,Expert (specialized knowledge and significant research/clinical experience),"Force plates (e.g., AMTI, Kistler), Wii Balance Board, Pressure mapping systems, Clinical balance tests (e.g., Berg Balance Scale), Kinect or other motion capture, Smartphone-based balance apps",Yes,Yes,No,Yes,Yes,Yes,Yes,No,No,"Portability, Cost",Yes,No,No,No,No,Yes,No,In one project,Yes,4,"Initial setup and device pairing/connection, Bluetooth connectivity issues during use, Software compatibility problems, Data accuracy or reliability concerns",Yes,Yes,No,Yes,No,No,Yes,No,No,No,No,"Healthy adults (21- 65 yrs), Athletes, People with cognitive impairments, People with neurological conditions, People with physical disabilities",No,No,Yes,No,Yes,Yes,Yes,Yes,No,"Age, Gender, Height, Weight, Body Mass Index (BMI), Physical activity level, Medical history",Yes,Yes,Yes,Yes,Yes,Yes,Yes,No,No,No,No,No,"Romberg test (eyes open vs. closed), Timed Up and Go (TUG), Single leg stance, Berg Balance Scale items, Dual-task conditions",Yes,No,No,Yes,Yes,No,Yes,No,No,Yes,No,No,"Center of Pressure (CoP) path length, COP mean velocity (overall), COP velocity (anterior-posterior direction), COP velocity (medial-lateral direction), CoP sway area, Romberg quotient, Range of COP displacement (anterior-posterior), Range of COP displacement (medial-lateral), COP path deviation, Balance confidence scores",Yes,Yes,Yes,Yes,Yes,Yes,Yes,No,No,Yes,Yes,No,No,Yes,"Low-pass filtering (e.g., Butterworth filter), Signal averaging across multiple trials",Yes,No,No,Yes,No,No,No,No,No,No,No,No,No,No,"Data collection, Integration with other tools/systems, Real-time data visualization, Data export and processing, Raw data access, Database management",Yes,Yes,Yes,No,Yes,No,No,No,Yes,Yes,No,No,No,"Unity, Unreal, Mobile applications (iOS/Android)",Yes,Yes,No,No,No,Yes,No,No,"CSV, Text files (TXT), MATLAB (.mat) files",Yes,No,No,No,Yes,Yes,No,No,No,No,"We usually post process our data via a Matlab software we developed, to obtain sway parameters and visualize path and ellipses",Windows,Yes,No,No,No,No,No,Offline (standalone),"Desktop computer, Laptop",Yes,Yes,No,No,No,No,Single monitor,13-15 inches,Light mode,English/italian,Portable and probably integrated with smartphones so that we don't need a laptop to use it,Access to raw data and format export,Yes,Gait analyis and dynamic acrivities
P22,Europe,PhD Student,No,No,No,No,No,No,No,Yes,No,No,No,No,No,No,3 - 5 years,Basic knowledge (familiar with fundamental concepts),"Force plates (e.g., AMTI, Kistler), Clinical balance tests (e.g., Berg Balance Scale)",Yes,No,No,No,Yes,No,No,No,No,"Cost, Portability, Lack of documentation",Yes,No,No,No,No,Yes,Yes,Not shown,Not shown,Not shown,Not shown,Not shown,Not shown,Not shown,Not shown,Not shown,Not shown,Not shown,Not shown,Not shown,Not shown,Not shown,"Healthy adults (21- 65 yrs), Adolescents (13 - 18 yrs), Athletes",No,Yes,Yes,No,Yes,No,No,No,No,"Age, Gender, Height, Weight, Body Mass Index (BMI), Physical activity level",Yes,Yes,Yes,Yes,Yes,Yes,No,No,No,No,No,No,"Romberg test (eyes open vs. closed), Timed Up and Go (TUG), Single leg stance, Tandem stance, Dual-task conditions, Limits of Stability (LOS) test, Berg Balance Scale items",Yes,No,No,Yes,Yes,Yes,Yes,No,Yes,Yes,No,No,"Center of Pressure (CoP) path length, COP velocity (anterior-posterior direction), COP velocity (medial-lateral direction), CoP sway area, Romberg quotient, COP mean velocity (overall)",Yes,Yes,Yes,Yes,Yes,Yes,No,No,No,No,No,No,No,No,"Low-pass filtering (e.g., Butterworth filter), Principal Component Analysis for dimensionality reduction, Signal averaging across multiple trials, Outlier removal/interpolation",Yes,No,Yes,Yes,No,No,No,No,No,Yes,No,No,No,No,"Integration with other tools/systems, Post-collection data analysis, Data export and processing, Machine learning / Pattern recognition, Raw data access, Report generation",No,Yes,No,Yes,Yes,No,Yes,Yes,Yes,No,No,No,No,"Unity, Mobile applications (iOS/Android), Custom programming",Yes,No,No,Yes,No,Yes,No,No,CSV,Yes,No,No,No,No,No,No,No,No,No,custom Matlab code,Windows,Yes,No,No,No,No,No,Offline (standalone),Desktop computer,Yes,No,No,No,No,No,Single monitor,16-20 inches,Light mode,English,"user-friendly interface and documentation, integration with other systems (mocap, EMG), access to raw data","complexity of software interface, connectivity issues and synchronization with other devices","No, one board is sufficient",No response
P23,Europe,Clinical Practitioner,No,No,No,No,No,No,No,No,No,No,No,Yes,No,No,15+ years,Intermediate (regular user with good understanding),"Force plates (e.g., AMTI, Kistler), Wii Balance Board, Kinect or other motion capture",Yes,Yes,No,No,No,Yes,No,No,No,Availability,No,Yes,No,No,No,No,No,In one project,No,2,"Initial setup and device pairing/connection, Bluetooth connectivity issues during use, Software compatibility problems, Data accuracy or reliability concerns",Yes,Yes,No,Yes,No,No,Yes,No,No,No,No,"Healthy adults (21- 65 yrs), Athletes, People with physical disabilities",No,No,Yes,No,Yes,Yes,No,No,No,"Age, Gender, Height, Weight, Body Mass Index (BMI), Physical activity level, Proprioception",Yes,Yes,Yes,Yes,Yes,Yes,No,No,No,No,Yes,No,"Romberg test (eyes open vs. closed), Timed Up and Go (TUG), Single leg stance",Yes,No,No,Yes,Yes,No,No,No,No,No,No,No,"Center of Pressure (CoP) path length, COP mean velocity (overall), COP velocity (anterior-posterior direction), COP velocity (medial-lateral direction), CoP sway area, Range of COP displacement (anterior-posterior), Range of COP displacement (medial-lateral)",Yes,Yes,Yes,Yes,Yes,No,No,No,No,Yes,Yes,No,No,No,"Low-pass filtering (e.g., Butterworth filter)",Yes,No,No,No,No,No,No,No,No,No,No,No,No,No,"Data collection, Integration with other tools/systems, Statistical analysis, Report generation",Yes,Yes,No,No,No,Yes,No,Yes,No,No,No,No,No,"Web applications, Mobile applications (iOS/Android)",No,No,Yes,No,No,Yes,No,No,"MATLAB (.mat) files, R data files (.RData)",No,No,No,No,Yes,No,No,No,Yes,No,N.A.,Windows,Yes,No,No,No,No,No,Offline (standalone),Laptop,No,Yes,No,No,No,No,Single monitor,13-15 inches,Light mode,English,"high validity and reliability, low cost, easy to use",time consuming,"No, one board is sufficient",No response
P24,South America,Academic Researcher,No,No,No,No,No,No,No,Yes,No,No,No,No,No,No,10 - 15 years,Advanced (extensive experience and in-depth knowledge),"Clinical balance tests (e.g., Berg Balance Scale), Force plates (e.g., AMTI, Kistler)",Yes,No,No,No,Yes,No,No,No,No,"Cost, Portability",Yes,No,No,No,No,Yes,No,Not shown,Not shown,Not shown,Not shown,Not shown,Not shown,Not shown,Not shown,Not shown,Not shown,Not shown,Not shown,Not shown,Not shown,Not shown,"Children (birth - 12 yrs), Healthy adults (21- 65 yrs), Older adults (65+), Athletes, People with physical disabilities",Yes,No,Yes,Yes,Yes,Yes,No,No,No,"Age, Gender, Height, Weight, Body Mass Index (BMI), Physical activity level, Medical history, Proprioception",Yes,Yes,Yes,Yes,Yes,Yes,Yes,No,No,No,Yes,No,"Timed Up and Go (TUG), Single leg stance, Star excurtion balance test, Tandem stance",No,No,No,Yes,Yes,Yes,No,No,No,No,Yes,No,"COP mean velocity (overall), COP velocity (anterior-posterior direction), COP velocity (medial-lateral direction), CoP sway area",No,Yes,Yes,Yes,Yes,No,No,No,No,No,No,No,No,No,"Low-pass filtering (e.g., Butterworth filter)",Yes,No,No,No,No,No,No,No,No,No,No,No,No,No,"Data collection, Report generation, Real-time data visualization, Post-collection data analysis",Yes,No,Yes,Yes,No,No,No,Yes,No,No,No,No,No,Mobile applications (iOS/Android),No,No,No,No,No,Yes,No,No,"CSV, Excel (XLSX/XLS), Text files (TXT)",Yes,Yes,No,No,No,Yes,No,No,No,No,I use a software of the force platform with which I evaluate,"Windows, macOS, iOS, Android",Yes,Yes,No,Yes,Yes,No,Offline (standalone),Desktop computer,Yes,No,No,No,No,No,Single monitor,13-15 inches,Light mode,English,That it is portable and that it has a software that delivers the results without having to do the analysis of the signals in another program,Having to export the data to a format that can be supported by signal analysis software.,"No, one board is sufficient",No response
P25,Asia,Academic Researcher,No,No,Yes,Yes,Yes,No,No,Yes,Yes,No,No,Yes,No,No,15+ years,Expert (specialized knowledge and significant research/clinical experience),"Force plates (e.g., AMTI, Kistler), Wii Balance Board, Pressure mapping systems, Clinical balance tests (e.g., Berg Balance Scale), Kinect or other motion capture",Yes,Yes,No,Yes,Yes,Yes,No,No,No,Availability,No,Yes,No,No,No,No,No,3,Yes,4,Sampling rate and dynamic range,No,No,No,No,No,No,No,No,No,No,Yes,"Older adults (65+), People with neurological conditions",No,No,No,Yes,No,No,No,Yes,No,"Age, Gender, Height, Weight, Body Mass Index (BMI), Physical activity level, Medical history",Yes,Yes,Yes,Yes,Yes,Yes,Yes,No,No,No,No,No,"Romberg test (eyes open vs. closed), Functional Reach Test, Dynamic weight shifting, Dual-task conditions",Yes,No,Yes,No,No,No,No,Yes,No,Yes,No,No,"Center of Pressure (CoP) path length, COP mean velocity (overall), CoP sway area, Range of COP displacement (anterior-posterior), Range of COP displacement (medial-lateral)",Yes,Yes,No,No,Yes,No,No,No,No,Yes,Yes,No,No,No,"Low-pass filtering (e.g., Butterworth filter), Signal averaging across multiple trials",Yes,No,No,Yes,No,No,No,No,No,No,No,No,No,No,"Data collection, Integration with other tools/systems, Post-collection data analysis, Data export and processing, Raw data access",Yes,Yes,No,Yes,Yes,No,No,No,Yes,No,No,No,No,"LabVIEW, Custom programming",No,No,No,Yes,Yes,No,No,No,"CSV, MATLAB (.mat) files",Yes,No,No,No,Yes,No,No,No,No,No,Matlab,Windows,Yes,No,No,No,No,No,Offline (standalone),Laptop,No,Yes,No,No,No,No,Single monitor,13-15 inches,Light mode,English,Usability for clinicians,GUI design,"No, one board is sufficient",No response
P26,USA,Academic Researcher,No,No,No,No,No,No,No,No,No,No,No,No,Yes,No,6 - 10 years,Expert (specialized knowledge and significant research/clinical experience),"Force plates (e.g., AMTI, Kistler), Wii Balance Board, Btracks",Yes,Yes,No,No,No,No,No,Yes,No,"Cost, Outdated, Portability, Lack of documentation",Yes,No,Yes,No,No,Yes,Yes,"2, Used Btracks for 8 projects",Yes,3,"Initial setup and device pairing/connection, Data streaming interruptions or lag",Yes,No,Yes,No,No,No,No,No,No,No,No,"Healthy adults (21- 65 yrs), People with physical disabilities",No,No,Yes,No,No,Yes,No,No,No,"Age, Gender, Height, Weight, CoP velocity",Yes,Yes,Yes,Yes,No,No,No,No,Yes,No,No,No,"Berg Balance Scale items, Limits of Stability (LOS) test",No,No,No,No,No,No,Yes,No,Yes,No,No,No,"Center of Pressure (CoP) path length, COP mean velocity (overall), COP velocity (anterior-posterior direction), COP velocity (medial-lateral direction), CoP sway area",Yes,Yes,Yes,Yes,Yes,No,No,No,No,No,No,No,No,No,"No cleaning techniques applied, Baseline correction, Wavelet denoising",No,No,No,No,No,No,No,No,Yes,No,Yes,No,Yes,No,"Data collection, Statistical analysis, Real-time data visualization, Post-collection data analysis",Yes,No,Yes,Yes,No,Yes,No,No,No,No,No,No,No,"Unity, LabVIEW, Unreal",Yes,Yes,No,No,Yes,No,No,No,"CSV, Excel (XLSX/XLS)",Yes,Yes,No,No,No,No,No,No,No,No,Another tool,Windows,Yes,No,No,No,No,No,Offline (standalone),"Desktop computer, Laptop",Yes,Yes,No,No,No,No,Dual monitors,16-20 inches,System default,English,Real-time balance data,Data post-processing,Yes,Multiperson
